<?xml version="1.0" encoding="UTF-8"?>
<!--
  ~ JBoss, Home of Professional Open Source.
  ~ Copyright (c) 2011, Red Hat, Inc., and individual contributors
  ~ as indicated by the @author tags. See the copyright.txt file in the
  ~ distribution for a full listing of individual contributors.
  ~
  ~ This is free software; you can redistribute it and/or modify it
  ~ under the terms of the GNU Lesser General Public License as
  ~ published by the Free Software Foundation; either version 2.1 of
  ~ the License, or (at your option) any later version.
  ~
  ~ This software is distributed in the hope that it will be useful,
  ~ but WITHOUT ANY WARRANTY; without even the implied warranty of
  ~ MERCHANTABILITY or FITNESS FOR A PARTICULAR PURPOSE. See the GNU
  ~ Lesser General Public License for more details.
  ~
  ~ You should have received a copy of the GNU Lesser General Public
  ~ License along with this software; if not, write to the Free
  ~ Software Foundation, Inc., 51 Franklin St, Fifth Floor, Boston, MA
  ~ 02110-1301 USA, or see the FSF site: http://www.fsf.org.
  -->
<module xmlns="urn:jboss:module:1.0" name="org.jboss.as.ejb3">

    <resources>
        <resource-root path="jboss-as-ejb3-7.0.1.Final.jar"/>
        <!-- Insert resources here -->
    </resources>

    <dependencies>
        <module name="javax.annotation.api"/>
        <module name="javax.api"/>
        <module name="javax.ejb.api"/>
        <module name="javax.interceptor.api"/>
        <module name="javax.jms.api"/>
        <module name="javax.persistence.api" />
        <!-- For message inflow -->
        <module name="javax.resource.api"/>
        <module name="org.hibernate"/>
        <module name="org.jboss.as.controller"/>
        <!-- So we can access its integration API -->
        <module name="org.jboss.as.connector"/>
        <module name="org.jboss.as.ee"/>
        <module name="org.jboss.as.naming"/>
        <module name="org.jboss.as.security"/>
        <module name="org.jboss.as.server"/>
        <module name="org.jboss.as.threads"/>
        <module name="org.jboss.as.transactions"/>
        <module name="org.jboss.threads"/>
        <module name="org.jboss.jboss-transaction-spi"/>
        <module name="org.jboss.common-core"/>
        <module name="org.jboss.ejb3"/>
        <module name="org.jboss.ejb3.timerservice"/>
        <!-- For Interceptor -->
        <module name="org.jboss.invocation"/>
        <module name="org.jboss.ironjacamar.api"/>
        <module name="org.jboss.jandex"/>
        <module name="org.jboss.logging"/>
        <!-- the EE metadata -->
        <module name="org.jboss.metadata"/>
        <!-- Access to the ModuleClassLoader -->
        <module name="org.jboss.modules"/>
        <!-- Access to ServiceName -->
        <module name="org.jboss.msc"/>
        <module name="org.jboss.staxmapper"/>

        <!-- For parser DUP -->
        <module name="org.jboss.vfs"/>
    </dependencies>
</module>
